Id_local,Id_visitante,Prob_ganar_local,Prob_empate,Prob_ganar_visitante,Fecha y Hora
3,2,11.713694419991041,4.4603005451821645,11.671222721586435,2024-02-21 21:00:00
